ranking_date,ranking,player_id,player,ranking_points,normalized_name,matchstat_player_id
20261005,1,S0AG,Jannik Sinner,11000,jannik sinner,47275
20261005,2,Z355,Alexander Zverev,9720,alexander zverev,24008
20261005,3,A0E2,Carlos Alcaraz,5260,carlos alcaraz,68074
20261005,4,S0S1,Ben Shelton,4680,ben shelton,87562
20261005,5,MM58,Daniil Medvedev,4010,daniil medvedev,22807
20261005,6,AG37,Felix Auger Aliassime,3890,felix auger aliassime,40434
20261005,7,C0E9,Flavio Cobolli,3680,flavio cobolli,67546
20261005,8,TD51,Frances Tiafoe,3380,frances tiafoe,29939
20261005,9,DH58,Alex De Minaur,3300,alex de minaur,39309
20261005,10,F0F1,Arthur Fils,3275,arthur fils,83135
20261005,11,D643,Novak Djokovic,3180,novak djokovic,5992
20261005,12,FB98,Taylor Fritz,2880,taylor fritz,29932
20261005,13,J0DZ,Rafael Jodar,2659,rafael jodar,99691
20261005,14,VA25,Valentin Vacherot,2450,valentin vacherot,36594
20261005,15,M0NI,Jakub Mensik,2445,jakub mensik,86691
20261005,16,T0HA,Learner Tien,2395,learner tien,93452
20261005,17,PL56,Tommy Paul,2375,tommy paul,29935
20261005,18,N0AE,Brandon Nakashima,2335,brandon nakashima,56846
20261005,19,L0BV,Jiri Lehecka,2310,jiri lehecka,61838
20261005,20,C0AU,Francisco Cerundolo,2220,francisco cerundolo,52279
20261005,21,D0FJ,Luciano Darderi,2200,luciano darderi,76127
20261005,22,BK92,Alexander Bublik,2185,alexander bublik,24245
20261005,23,RE44,Andrey Rublev,2175,andrey rublev,29372
20261005,24,RH16,Casper Ruud,2145,casper ruud,33648
20261005,25,M0EJ,Lorenzo Musetti,2010,lorenzo musetti,63572
20261005,26,DH50,Alejandro Davidovich Fokina,1930,alejandro davidovich fokina,36519
20261005,27,KE29,Karen Khachanov,1900,karen khachanov,25543
20261005,28,B0PG,Alexander Blockx,1787,alexander blockx,88766
20261005,29,F0FV,Joao Fonseca,1750,joao fonseca,91521
20261005,30,TE30,Alejandro Tabilo,1605,alejandro tabilo,30087
20261005,31,EA24,Tomas Martin Etcheverry,1590,tomas martin etcheverry,37532
20261005,32,HH26,Ugo Humbert,1575,ugo humbert,38911
20261005,33,RC91,Arthur Rinderknech,1520,arthur rinderknech,28170
20261005,34,HB71,Hubert Hurkacz,1475,hubert hurkacz,26473
20261005,35,M0QI,Alex Michelsen,1460,alex michelsen,92985
20261005,36,B0ID,Ignacio Buse,1447,ignacio buse,79113
20261005,37,F0DM,Arthur Fery,1413,arthur fery,79065
20261005,38,A0FC,Matteo Arnaldi,1386,matteo arnaldi,73956
20261005,39,BU13,Zizou Bergs,1320,zizou bergs,37741
20261005,40,N771,Cameron Norrie,1275,cameron norrie,27851
20261005,41,V812,Botic Van De Zandschulp,1258,botic van de zandschulp,24249
20261005,42,SU55,Denis Shapovalov,1245,denis shapovalov,33502
20261005,43,TE51,Stefanos Tsitsipas,1230,stefanos tsitsipas,30470
20261005,44,ms:83223,Daniel Merida Aguilar,1210,daniel merida aguilar,83223
20261005,45,V0DZ,Luca Van Assche,1180,luca van assche,82371
20261005,46,BK40,Matteo Berrettini,1168,matteo berrettini,29812
20261005,47,N0BS,Mariano Navone,1155,mariano navone,66828
20261005,48,HB64,Quentin Halys,1107,quentin halys,25171
20261005,49,ms:31358,Jaume Antoni Munar Clar,1100,jaume antoni munar clar,31358
20261005,50,C0JP,Raphael Collignon,1078,raphael collignon,84235
20261005,51,BT72,Nuno Borges,1070,nuno borges,31446
20261005,52,V0DP,Adolfo Daniel Vallejo,1048,adolfo daniel vallejo,80391
20261005,53,B0BI,Sebastian Baez,1044,sebastian baez,52721
20261005,54,T0A1,Thiago Agustin Tirante,1010,thiago agustin tirante,52394
20261005,55,C0C8,Juan Manuel Cerundolo,995,juan manuel cerundolo,52934
20261005,56,G0IX,Arthur Gea,985,arthur gea,87277
20261005,57,H997,Yannick Hanfmann,976,yannick hanfmann,14856
20261005,58,GJ37,Tallon Griekspoor,975,tallon griekspoor,33860
20261005,59,SL28,Jan-Lennard Struff,949,jan lennard struff,14177
20261005,60,F0F2,Jaime Faria,941,jaime faria,83795
20261005,61,KI95,Miomir Kecmanovic,925,miomir kecmanovic,34337
20261005,62,B0FV,Roman Andres Burruchaga,891,roman andres burruchaga,70705
20261005,63,M0CI,Fabian Marozsan,880,fabian marozsan,52140
20261005,64,D994,James Duckworth,877,james duckworth,11517
20261005,65,CD85,Pablo Carreno-Busta,874,pablo carreno busta,14432
20261005,66,Q02L,Ethan Quinn,874,ethan quinn,82269
20261005,67,AE14,Daniel Altmaier,849,daniel altmaier,29732
20261005,68,KI82,Vit Kopriva,846,vit kopriva,42971
20261005,69,D0CG,Facundo Diaz Acosta,824,facundo diaz acosta,64741
20261005,70,MQ75,Kamil Majchrzak,805,kamil majchrzak,28898
20261005,71,MW02,Corentin Moutet,805,corentin moutet,36263
20261005,72,D0DW,Titouan Droguet,801,titouan droguet,59092
20261005,73,L0IL,Martin Landaluce,797,martin landaluce,94493
20261005,74,K0AH,Sebastian Korda,790,sebastian korda,42451
20261005,75,M0FH,Tomas Machac,783,tomas machac,58327
20261005,76,J0AZ,Kyrian Jacquet,781,kyrian jacquet,65904
20261005,77,U182,Camilo Ugo Carabelli,770,camilo ugo carabelli,42229
20261005,78,M0JF,Hamad Medjedovic,764,hamad medjedovic,79060
20261005,79,SX50,Roman Safiullin,744,roman safiullin,28900
20261005,80,C977,Marin Cilic,741,marin cilic,6101
20261005,81,K0AZ,Aleksandar Kovacevic,730,aleksandar kovacevic,39152
20261005,82,S0K7,Zachary Svajda,729,zachary svajda,73620
20261005,83,ME82,Adrian Mannarino,723,adrian mannarino,7806
20261005,84,MV14,Alex Molcan,712,alex molcan,34539
20261005,85,H0BH,Rinky Hijikata,711,rinky hijikata,58149
20261005,86,B0GG,Mattia Bellucci,700,mattia bellucci,72578
20261005,87,SU87,Lorenzo Sonego,698,lorenzo sonego,31392
20261005,88,GC88,Marcos Giron,688,marcos giron,18736
20261005,89,G09O,Hugo Gaston,677,hugo gaston,46747
20261005,90,TA29,Marco Trungelliti,661,marco trungelliti,12653
20261005,91,CH12,Jan Choinski,658,jan choinski,26421
20261005,92,BM95,Benjamin Bonzi,656,benjamin bonzi,28899
20261005,93,ms:61667,Bu Yunchaokete,652,bu yunchaokete,61667
20261005,94,Z0BZ,Michael Zheng,649,michael zheng,87512
20261005,95,D0C1,Jesper De Jong,641,jesper de jong,59166
20261005,96,F0BY,Jacob Fearnley,639,jacob fearnley,68090
20261005,97,P0HW,Dino Prizmic,638,dino prizmic,85899
20261005,98,W09E,Adam Walton,630,adam walton,47752
20261005,99,A0GC,Terence Atmane,626,terence atmane,67535
20261005,100,S0TM,Toby Samuel,625,toby samuel,79068
20261005,101,ms:71166,Chak Lam Coleman Wong,620,chak lam coleman wong,71166
20261005,102,B0CD,Jenson Brooksby,613,jenson brooksby,40609
20261005,103,D923,Damir Dzumhur,612,damir dzumhur,13447
20261005,104,D0DT,Martin Damm,605,martin damm,72574
20261005,105,R0EB,Valentin Royer,600,valentin royer,61857
20261005,106,R0GO,Henrique Rocha,588,henrique rocha,83794
20261005,107,V0AM,Otto Virtanen,586,otto virtanen,55252
20261005,108,M0GZ,Giovanni Mpetshi Perricard,585,giovanni mpetshi perricard,71174
20261005,109,SY67,Sho Shimabukuro,577,sho shimabukuro,39863
20261005,110,HG86,Lloyd Harris,573,lloyd harris,36449
20261005,111,S0H2,Alexander Shevchenko,568,alexander shevchenko,64891
20261005,112,S0IA,Dane Sweeny,551,dane sweeny,56590
20261005,113,WB32,Yibing Wu,535,yibing wu,39310
20261005,114,P09O,Zsombor Piros,534,zsombor piros,47021
20261005,115,V832,Aleksandar Vukic,532,aleksandar vukic,28267
20261005,116,H0DU,Gustavo Heide,531,gustavo heide,74899
20261005,117,O483,Christopher O'Connell,529,christopher o connell,24721
20261005,118,K0A3,Patrick Kypson,524,patrick kypson,46718
20261005,119,M0AW,Nicolas Mejia,507,nicolas mejia,34968
20261005,120,O513,Sebastian Ofner,501,sebastian ofner,27547
20261005,121,D0F6,Gabriel Diallo,500,gabriel diallo,68627
20261005,122,N0AM,Emilio Nava,493,emilio nava,56197
20261005,123,M0HU,Shintaro Mochizuki,491,shintaro mochizuki,73742
20261005,124,BG23,Nikoloz Basilashvili,491,nikoloz basilashvili,14716
20261005,125,C0DF,Francisco Comesana,482,francisco comesana,61971
20261005,126,S0GD,Dalibor Svrcina,474,dalibor svrcina,63299
20261005,127,D875,Grigor Dimitrov,472,grigor dimitrov,11953
20261005,128,DA31,Hugo Dellien,460,hugo dellien,18477
20261005,129,P09Z,Alexei Popyrin,458,alexei popyrin,34233
20261005,130,ms:27358,Pedro Martinez Portero,447,pedro martinez portero,27358
20261005,131,GD64,Cristian Garin,446,cristian garin,24840
20261005,132,BS86,Tomas Barrios Vera,442,tomas barrios vera,30849
20261005,133,MP20,Alexandre Muller,441,alexandre muller,28108
20261005,134,F724,Marton Fucsovics,435,marton fucsovics,13674
20261005,135,S0KT,Stefanos Sakellaridis,429,stefanos sakellaridis,74880
20261005,136,SX91,Thiago Seyboth Wild,426,thiago seyboth wild,36858
20261005,137,S0UV,Rei Sakamoto,423,rei sakamoto,93550
20261005,138,ms:68981,Max Alcala Gurri,421,max alcala gurri,68981
20261005,139,B0NN,Nishesh Basavareddy,419,nishesh basavareddy,92184
20261005,140,R09X,Jurij Rodionov,411,jurij rodionov,44555
20261005,141,G0FW,Vilius Gaubas,411,vilius gaubas,79088
20261005,142,W367,Stan Wawrinka,401,stan wawrinka,1092
20261005,143,S0JA,Eliot Spizzirri,400,eliot spizzirri,71083
20261005,144,L0CX,Pablo Llamas Ruiz,397,pablo llamas ruiz,64896
20261005,145,PH64,Andrea Pellegrino,390,andrea pellegrino,29457
20261005,146,C0BH,Clement Chidekh,387,clement chidekh,55828
20261005,147,C0NB,Federico Cina,383,federico cina,95698
20261005,148,L987,Dusan Lajovic,380,dusan lajovic,12190
20261005,149,L0GH,Mark Lajal,379,mark lajal,87283
20261005,150,GH92,Borna Gojo,379,borna gojo,30550
20261005,151,MP01,Michael Mmoh,379,michael mmoh,26925
20261005,152,B0U4,Nicolai Budkov Kjaer,370,nicolai budkov kjaer,104215
20261005,153,R0E0,Chris Rodesch,369,chris rodesch,54163
20261005,154,ms:84083,Ilia Simakin,366,ilia simakin,84083
20261005,155,S0N0,Tristan Schoolkate,365,tristan schoolkate,67986
20261005,156,O522,Reilly Opelka,361,reilly opelka,28087
20261005,157,S0GZ,Nikolas Sanchez-Izquierdo,361,nikolas sanchez izquierdo,41484
20261005,158,D0CO,Jack Draper,360,jack draper,63017
20261005,159,B0NO,Darwin Blanch,359,darwin blanch,92243
20261005,160,T09X,Clement Tabur,359,clement tabur,47259
20261005,161,ms:28762,Soon-Woo Kwon,355,soon woo kwon,28762
20261005,162,P0IY,Juan Carlos Prado Angelo,355,juan carlos prado angelo,89131
20261005,163,CF01,Marco Cecchinato,353,marco cecchinato,20104
20261005,164,G0IB,Tom Gentzsch,352,tom gentzsch,86351
20261005,165,G0A0,Andrea Guerrieri,347,andrea guerrieri,40187
20261005,166,Z371,Zhizhen Zhang,340,zhizhen zhang,26140
20261005,167,M0N1,Luka Mikrut,339,luka mikrut,85851
20261005,168,O0A2,Gauthier Onclin,336,gauthier onclin,56641
20261005,169,MK66,Mackenzie Mcdonald,333,mackenzie mcdonald,18094
20261005,170,BI81,Alex Bolt,332,alex bolt,19689
20261005,171,M0IF,Francesco Maestrelli,331,francesco maestrelli,63737
20261005,172,SS25,Vitaliy Sachko,330,vitaliy sachko,28904
20261005,173,TA12,Stefano Travaglia,330,stefano travaglia,12097
20261005,174,D0L3,Matej Dodig,329,matej dodig,95464
20261005,175,ms:71614,Inaki Montes-De La Torre,327,inaki montes de la torre,71614
20261005,176,S0WT,Joel Schwaerzler,327,joel schwaerzler,97369
20261005,177,DA81,Taro Daniel,325,taro daniel,20648
20261005,178,G0BY,Daniil Glinka,324,daniil glinka,48825
20261005,179,DB63,Laslo Djere,322,laslo djere,24084
20261005,180,N0CS,Lukas Neumayer,322,lukas neumayer,83314
20261005,181,M0K4,Elmer Moller,321,elmer moller,81189
20261005,182,W0AH,Harry Wendelken,319,harry wendelken,65558
20261005,183,B0GR,Gonzalo Bueno,318,gonzalo bueno,73983
20261005,184,GK06,Alexis Galarneau,315,alexis galarneau,39043
20261005,185,TA46,Bernard Tomic,314,bernard tomic,11522
20261005,186,M0G4,Harold Mayot,309,harold mayot,60140
20261005,187,K09F,Pavel Kotov,308,pavel kotov,45553
20261005,188,ms:61966,Guido Ivan Justo,307,guido ivan justo,61966
20261005,189,ms:83554,Sascha Gueymard Wayenburg,305,sascha gueymard wayenburg,83554
20261005,190,D0LJ,Diego Dedura,303,diego dedura,104494
20261005,191,ms:94531,Jan Kumstat,302,jan kumstat,94531
20261005,192,Y218,Elias Ymer,301,elias ymer,26218
20261005,193,J476,David Jorda Sanchis,301,david jorda sanchis,18669
20261005,194,ms:59169,Andre Ilagan,301,andre ilagan,59169
20261005,195,R0DG,Holger Rune,300,holger rune,69471
20261005,196,KH56,Zdenek Kolar,300,zdenek kolar,30856
20261005,197,MJ98,Facundo Mena,298,facundo mena,14898
20261005,198,B0WL,Felix Balshaw,297,felix balshaw,106767
20261005,199,B0MM,Edas Butvilas,294,edas butvilas,87766
20261005,200,V836,Juan Pablo Varillas,294,juan pablo varillas,26153
20261005,201,K0O4,Moise Kouame,293,moise kouame,111498
20261005,202,ms:56211,Keegan Smith,293,keegan smith,56211
20261005,203,AG08,Andres Andrade,291,andres andrade,37492
20261005,204,GJ16,Federico Agustin Gomez,290,federico agustin gomez,35376
20261005,205,P0HT,Jack Pinnington Jones,289,jack pinnington jones,79067
20261005,206,M0OH,Lautaro Midon,289,lautaro midon,90203
20261005,207,P0AY,Luka Pavlovic,284,luka pavlovic,53909
20261005,208,C0H0,Arthur Cazaux,280,arthur cazaux,70873
20261005,209,B0EJ,Tristan Boyer,280,tristan boyer,56195
20261005,210,S0GR,Timofey Skatov,280,timofey skatov,55257
20261005,211,ms:88050,Braden Shick,279,braden shick,88050
20261005,212,S0ZE,Colton Smith,274,colton smith,89108
20261005,213,BI23,Liam Broady,271,liam broady,18016
20261005,214,S0RE,Juncheng Shang,270,juncheng shang,86082
20261005,215,ms:51853,Pol Martin Tiffon,269,pol martin tiffon,51853
20261005,216,GA79,Lorenzo Giustino,269,lorenzo giustino,11981
20261005,217,M0SE,Maxim Mrva,267,maxim mrva,97984
20261005,218,N732,Yoshihito Nishioka,266,yoshihito nishioka,24225
20261005,219,D0DP,Liam Draxl,266,liam draxl,53532
20261005,220,C0NN,Gianluca Cadenasso,265,gianluca cadenasso,96517
20261005,221,N09U,Rio Noguchi,263,rio noguchi,50143
20261005,222,G0EU,Felix Gill,263,felix gill,73608
20261005,223,ms:46722,Jeff Wolf,260,jeff wolf,46722
20261005,224,B0GY,Alex Barrena,260,alex barrena,75042
20261005,225,T0AP,Chun Hsin Tseng,258,chun hsin tseng,47557
20261005,226,ms:68393,Max Houkes,256,max houkes,68393
20261005,227,BU70,Remy Bertola,256,remy bertola,35296
20261005,228,S0TX,Henry Searle,255,henry searle,92094
20261005,229,P0CT,Francesco Passaro,254,francesco passaro,63021
20261005,230,R0A7,Joao Lucas Reis Da Silva,252,joao lucas reis da silva,50000
20261005,231,BV24,Raul Brancaccio,252,raul brancaccio,33904
20261005,232,CG33,Kimmer Coppejans,248,kimmer coppejans,23298
20261005,233,M0HT,Alejandro Moro Canas,248,alejandro moro canas,60625
20261005,234,ms:80183,Marat Sharipov (RUS),247,marat sharipov rus,80183
20261005,235,ms:14609,Thiago Moura Monteiro,244,thiago moura monteiro,14609
20261005,236,H09N,August Holmgren,241,august holmgren,47387
20261005,237,I305,Ilya Ivashka,241,ilya ivashka,28296
20261005,238,K0HC,Maks Kasnikowski,240,maks kasnikowski,84060
20261005,239,M0BN,Marvin Moeller,238,marvin moeller,52968
20261005,240,CI14,Jay Clarke,237,jay clarke,28992
20261005,241,HD68,Billy Harris,236,billy harris,29180
20261005,242,ms:69729,Pedro Boscardin Dias,236,pedro boscardin dias,69729
20261005,243,BD06,Roberto Bautista Agut,233,roberto bautista agut,1837
20261005,244,N0DB,Andrej Nedic,233,andrej nedic,77866
20261005,245,R0FP,Daniel Rincon,233,daniel rincon,76010
20261005,246,S0AK,Henri Squire,231,henri squire,48013
20261005,247,ms:95461,Hayato Matsuoka,229,hayato matsuoka,95461
20261005,248,B0JE,Max Basing,228,max basing,67853
20261005,249,K0EP,Jerome Kym,228,jerome kym,76298
20261005,250,R0FS,Leandro Riedi,227,leandro riedi,79064
20261005,251,N0BG,Luca Nardi,226,luca nardi,71221
20261005,252,S0EK,Matias Soto,226,matias soto,58609
20261005,253,N897,Sumit Nagal,223,sumit nagal,26922
20261005,254,MC65,Gael Monfils,220,gael monfils,5917
20261005,255,P0DF,Matheus Pucinelli De Almeida,220,matheus pucinelli de almeida,64916
20261005,256,M0E1,Daniel Michalski,220,daniel michalski,62258
20261005,257,K0FY,Martin Krumich,220,martin krumich,70459
20261005,258,CF59,Roberto Carballes Baena,219,roberto carballes baena,21506
20261005,259,M0OQ,James McCabe,219,james mccabe,83315
20261005,260,ms:89501,Jay Dylan Hara Friend,218,jay dylan hara friend,89501
20261005,261,B0LW,Mika Brunold,218,mika brunold,84377
20261005,262,SN54,Frederico Ferreira Silva,218,frederico ferreira silva,20396
20261005,263,S0LA,Dominic Stricker,217,dominic stricker,73196
20261005,264,D0HX,Dylan Dietrich,216,dylan dietrich,85859
20261005,265,R0BT,Franco Roncadelli,216,franco roncadelli,58723
20261005,266,P0J1,Rodrigo Pacheco Mendez,216,rodrigo pacheco mendez,89396
20261005,267,H0BF,Philip Henning,215,philip henning,58005
20261005,268,BV21,Charles Broom,214,charles broom,39438
20261005,269,GF95,Hugo Grenier,212,hugo grenier,28932
20261005,270,F0F4,Kilian Feldbausch,211,kilian feldbausch,85862
20261005,271,ms:54146,Buvaysar Gadamauri,210,buvaysar gadamauri,54146
20261005,272,MW76,Matteo Martineau,210,matteo martineau,35323
20261005,273,C0HT,Murphy Cassone,209,murphy cassone,81980
20261005,274,ms:29610,Igor Ribeiro Marcondes,208,igor ribeiro marcondes,29610
20261005,275,HH06,Marc-Andrea Huesler,203,marc andrea huesler,35297
20261005,276,C0B2,Cezar Cretu,203,cezar cretu,53726
20261005,277,Z0CQ,Yi Zhou,203,yi zhou,97973
20261005,278,ms:85308,Petr Bar Biryukov,203,petr bar biryukov,85308
20261005,279,ms:77659,Juan Bautista Torres,202,juan bautista torres,77659
20261005,280,R0ED,Max Hans Rehberg,201,max hans rehberg,74153
20261005,281,H0A4,Nick Hardt,200,nick hardt,38973
20261005,282,ms:100225,Michele Ribecai,200,michele ribecai,100225
20261005,283,ms:40795,Matthew Dellavedova,199,matthew dellavedova,40795
20261005,284,N679,Stefano Napolitano,198,stefano napolitano,20465
20261005,285,ms:86275,Juan Manuel La Serna,198,juan manuel la serna,86275
20261005,286,P0GQ,Mili Poljicak,197,mili poljicak,84120
20261005,287,O660,Genaro Alberto Olivieri,197,genaro alberto olivieri,37577
20261005,288,ms:86156,Hynek Barton,197,hynek barton,86156
20261005,289,J09X,Filip Cristian Jianu,196,filip cristian jianu,55290
20261005,290,KE64,Stefan Kozlov,195,stefan kozlov,26221
20261005,291,ms:76009,Abedallah Shelbayh,193,abedallah shelbayh,76009
20261005,292,G0AO,Alastair Gray,192,alastair gray,53159
20261005,293,S0VU,Max Schoenhaus,192,max schoenhaus,95311
20261005,294,F0A3,Sergey Fomin,192,sergey fomin,43553
20261005,295,ms:81153,Carl Emil Overbeck,191,carl emil overbeck,81153
20261005,296,H996,Pierre-Hugues Herbert,190,pierre hugues herbert,14727
20261005,297,H09F,Yu Hsiou Hsu,187,yu hsiou hsu,45979
20261005,298,N0CJ,Petr Nesterov,187,petr nesterov,81784
20261005,299,M0ON,Johannus Monday,186,johannus monday,77192
20261005,300,E0AA,Yanki Erel,186,yanki erel,58726
